index,Unassigned;__;__,k__Archaea;__;__,k__Archaea;p__Aenigmarchaeota;__,k__Archaea;p__Aenigmarchaeota;c__Deep_Sea_Euryarchaeotic_Group(DSEG),k__Archaea;p__Nanoarchaeota;c__Nanoarchaeia,k__Bacteria;__;__,k__Bacteria;p__Acidobacteriota;c__Acidobacteriae,k__Bacteria;p__Acidobacteriota;c__Blastocatellia,k__Bacteria;p__Acidobacteriota;c__Holophagae,k__Bacteria;p__Acidobacteriota;c__Subgroup_22,k__Bacteria;p__Acidobacteriota;c__Subgroup_26,k__Bacteria;p__Acidobacteriota;c__Thermoanaerobaculia,k__Bacteria;p__Acidobacteriota;c__Vicinamibacteria,k__Bacteria;p__Actinobacteriota;c__Acidimicrobiia,k__Bacteria;p__Actinobacteriota;c__Actinobacteria,k__Bacteria;p__Actinobacteriota;c__Coriobacteriia,k__Bacteria;p__Actinobacteriota;c__Thermoleophilia,k__Bacteria;p__Bacteroidota;c__Bacteroidia,k__Bacteria;p__Bacteroidota;c__Kapabacteria,k__Bacteria;p__Bacteroidota;c__Rhodothermia,k__Bacteria;p__Bdellovibrionota;c__Bdellovibrionia,k__Bacteria;p__Calditrichota;c__Calditrichia,k__Bacteria;p__Campilobacterota;c__Campylobacteria,k__Bacteria;p__Chloroflexi;c__Anaerolineae,k__Bacteria;p__Chloroflexi;c__Chloroflexia,k__Bacteria;p__Chloroflexi;c__Ktedonobacteria,k__Bacteria;p__Chloroflexi;c__TK10,k__Bacteria;p__Cyanobacteria;c__Cyanobacteriia,k__Bacteria;p__Cyanobacteria;c__Sericytochromatia,k__Bacteria;p__Cyanobacteria;c__Vampirivibrionia,k__Bacteria;p__Dadabacteria;c__Dadabacteriia,k__Bacteria;p__Deferribacterota;c__Deferribacteres,k__Bacteria;p__Dependentiae;c__Babeliae,k__Bacteria;p__Desulfobacterota;c__,k__Bacteria;p__Desulfobacterota;c__Desulfovibrionia,k__Bacteria;p__Desulfobacterota;c__Desulfuromonadia,k__Bacteria;p__Elusimicrobiota;c__Elusimicrobia,k__Bacteria;p__Fibrobacterota;c__Fibrobacteria,k__Bacteria;p__Firmicutes;__,k__Bacteria;p__Firmicutes;c__Bacilli,k__Bacteria;p__Firmicutes;c__Clostridia,k__Bacteria;p__Firmicutes;c__Negativicutes,k__Bacteria;p__Fusobacteriota;c__Fusobacteriia,k__Bacteria;p__Gemmatimonadota;c__BD2-11_terrestrial_group,k__Bacteria;p__Gemmatimonadota;c__Gemmatimonadetes,k__Bacteria;p__Hydrogenedentes;c__Hydrogenedentia,k__Bacteria;p__Latescibacterota;c__Latescibacterota,k__Bacteria;p__Margulisbacteria;c__Margulisbacteria,k__Bacteria;p__Myxococcota;c__Polyangia,k__Bacteria;p__NB1-j;c__NB1-j,k__Bacteria;p__Nitrospinota;c__Nitrospinia,k__Bacteria;p__Nitrospirota;c__Nitrospiria,k__Bacteria;p__Patescibacteria;c__ABY1,k__Bacteria;p__Patescibacteria;c__Gracilibacteria,k__Bacteria;p__Patescibacteria;c__Parcubacteria,k__Bacteria;p__Patescibacteria;c__Saccharimonadia,k__Bacteria;p__Planctomycetota;c__BD7-11,k__Bacteria;p__Planctomycetota;c__OM190,k__Bacteria;p__Planctomycetota;c__Phycisphaerae,k__Bacteria;p__Planctomycetota;c__Pla3_lineage,k__Bacteria;p__Planctomycetota;c__Pla4_lineage,k__Bacteria;p__Planctomycetota;c__Planctomycetes,k__Bacteria;p__Planctomycetota;c__vadinHA49,k__Bacteria;p__Proteobacteria;c__Alphaproteobacteria,k__Bacteria;p__Proteobacteria;c__Gammaproteobacteria,k__Bacteria;p__SAR324_clade(Marine_group_B);c__SAR324_clade(Marine_group_B),k__Bacteria;p__Spirochaetota;c__Brachyspirae,k__Bacteria;p__Spirochaetota;c__Leptospirae,k__Bacteria;p__Spirochaetota;c__Spirochaetia,k__Bacteria;p__Sumerlaeota;c__Sumerlaeia,k__Bacteria;p__Synergistota;c__Synergistia,k__Bacteria;p__Verrucomicrobiota;c__Kiritimatiellae,k__Bacteria;p__Verrucomicrobiota;c__Lentisphaeria,k__Bacteria;p__Verrucomicrobiota;c__Omnitrophia,k__Bacteria;p__Verrucomicrobiota;c__Verrucomicrobiae,group1
Gi00C1,0.0,1.0,0.0,0.0,0.0,0.0,0.0,0.0,0.0,0.0,0.0,0.0,0.0,0.0,1.0,5.0,0.0,2938.0,0.0,0.0,0.0,0.0,21.0,0.0,0.0,0.0,0.0,0.0,0.0,0.0,0.0,0.0,0.0,0.0,0.0,0.0,0.0,7.0,0.0,46.0,10.0,0.0,0.0,0.0,0.0,0.0,0.0,0.0,0.0,0.0,0.0,0.0,0.0,4.0,0.0,0.0,0.0,0.0,0.0,0.0,0.0,0.0,0.0,423.0,713.0,0.0,0.0,0.0,0.0,0.0,0.0,0.0,16.0,0.0,649.0,GillCont
Gi00C2,767.0,2236.0,0.0,0.0,0.0,23.0,0.0,0.0,0.0,0.0,0.0,0.0,0.0,0.0,89.0,8.0,0.0,513.0,0.0,0.0,0.0,0.0,0.0,0.0,0.0,0.0,0.0,0.0,0.0,0.0,0.0,127.0,0.0,0.0,0.0,0.0,0.0,0.0,0.0,354.0,44.0,21.0,0.0,0.0,0.0,0.0,0.0,0.0,0.0,0.0,0.0,0.0,0.0,98.0,0.0,0.0,0.0,0.0,0.0,0.0,0.0,0.0,0.0,64.0,445.0,0.0,0.0,0.0,0.0,0.0,0.0,0.0,17.0,0.0,28.0,GillCont
Gi00C3,1858.0,654.0,0.0,0.0,0.0,9.0,0.0,0.0,0.0,0.0,0.0,0.0,0.0,0.0,187.0,26.0,0.0,55.0,0.0,0.0,0.0,0.0,0.0,0.0,0.0,0.0,0.0,0.0,0.0,0.0,0.0,0.0,0.0,0.0,18.0,0.0,0.0,0.0,0.0,626.0,350.0,8.0,3.0,0.0,0.0,0.0,0.0,0.0,0.0,0.0,0.0,0.0,0.0,0.0,0.0,0.0,0.0,0.0,0.0,0.0,0.0,0.0,0.0,226.0,731.0,0.0,0.0,0.0,0.0,0.0,0.0,0.0,0.0,0.0,83.0,GillCont
Gi00C4,126.0,21.0,0.0,0.0,0.0,0.0,0.0,0.0,0.0,0.0,0.0,0.0,0.0,0.0,101.0,95.0,0.0,213.0,0.0,0.0,0.0,0.0,0.0,0.0,0.0,0.0,0.0,0.0,0.0,0.0,0.0,3.0,0.0,0.0,17.0,0.0,0.0,0.0,3.0,1254.0,929.0,48.0,0.0,0.0,0.0,0.0,0.0,0.0,0.0,0.0,0.0,0.0,0.0,0.0,0.0,0.0,0.0,0.0,0.0,0.0,0.0,0.0,0.0,21.0,1971.0,0.0,0.0,0.0,0.0,0.0,7.0,0.0,0.0,0.0,25.0,GillCont
Gi00C5,210.0,791.0,0.0,0.0,0.0,0.0,0.0,0.0,0.0,0.0,0.0,0.0,0.0,0.0,12.0,18.0,2.0,2092.0,0.0,0.0,0.0,0.0,1.0,0.0,0.0,0.0,0.0,4.0,0.0,0.0,0.0,2.0,0.0,0.0,21.0,55.0,0.0,74.0,0.0,430.0,94.0,34.0,0.0,0.0,0.0,0.0,0.0,0.0,0.0,0.0,0.0,0.0,0.0,0.0,0.0,5.0,0.0,0.0,0.0,0.0,0.0,0.0,0.0,345.0,412.0,0.0,0.0,0.0,0.0,0.0,0.0,0.0,0.0,0.0,232.0,GillCont
Gi0I1,60.0,72.0,0.0,0.0,0.0,0.0,4.0,0.0,0.0,0.0,2.0,3.0,0.0,0.0,161.0,103.0,0.0,303.0,0.0,0.0,0.0,0.0,4.0,0.0,0.0,0.0,0.0,16.0,0.0,0.0,0.0,0.0,0.0,0.0,21.0,0.0,0.0,0.0,2.0,1021.0,894.0,67.0,4.0,0.0,0.0,0.0,0.0,0.0,0.0,0.0,0.0,0.0,0.0,0.0,0.0,0.0,0.0,0.0,0.0,0.0,0.0,0.0,0.0,33.0,2007.0,0.0,0.0,0.0,0.0,0.0,8.0,0.0,0.0,0.0,49.0,GillRes
Gi0I2,0.0,0.0,0.0,0.0,0.0,0.0,0.0,0.0,0.0,0.0,0.0,0.0,0.0,0.0,227.0,116.0,0.0,367.0,0.0,0.0,0.0,0.0,0.0,0.0,0.0,0.0,0.0,0.0,0.0,0.0,0.0,0.0,0.0,0.0,77.0,0.0,0.0,0.0,0.0,828.0,1670.0,81.0,0.0,0.0,0.0,0.0,0.0,0.0,0.0,0.0,0.0,0.0,0.0,1.0,0.0,0.0,0.0,0.0,0.0,0.0,0.0,0.0,0.0,0.0,1423.0,0.0,0.0,0.0,0.0,0.0,10.0,0.0,0.0,0.0,34.0,GillRes
Gi0I3,21.0,73.0,0.0,0.0,0.0,0.0,0.0,0.0,0.0,0.0,0.0,0.0,0.0,0.0,500.0,186.0,2.0,204.0,0.0,0.0,0.0,0.0,3.0,0.0,0.0,0.0,0.0,19.0,0.0,0.0,0.0,0.0,0.0,0.0,109.0,0.0,0.0,0.0,0.0,749.0,1614.0,80.0,2.0,0.0,0.0,0.0,0.0,0.0,0.0,0.0,0.0,0.0,0.0,0.0,0.0,0.0,0.0,0.0,0.0,0.0,0.0,2.0,0.0,5.0,1217.0,0.0,0.0,0.0,0.0,0.0,9.0,0.0,0.0,0.0,39.0,GillRes
Gi0I4,4.0,8.0,0.0,0.0,0.0,0.0,0.0,2.0,0.0,2.0,0.0,0.0,0.0,2.0,221.0,194.0,0.0,291.0,0.0,0.0,0.0,0.0,0.0,0.0,0.0,0.0,0.0,0.0,0.0,0.0,0.0,0.0,0.0,0.0,56.0,0.0,0.0,0.0,0.0,881.0,1005.0,64.0,0.0,0.0,0.0,0.0,0.0,0.0,0.0,0.0,0.0,0.0,0.0,0.0,0.0,0.0,0.0,0.0,0.0,0.0,0.0,0.0,0.0,2.0,2066.0,0.0,0.0,1.0,0.0,0.0,7.0,0.0,0.0,0.0,28.0,GillRes
Gi0I5,0.0,0.0,0.0,0.0,0.0,0.0,0.0,0.0,0.0,0.0,0.0,0.0,0.0,0.0,239.0,248.0,0.0,370.0,0.0,0.0,0.0,0.0,0.0,0.0,0.0,0.0,0.0,0.0,0.0,0.0,0.0,0.0,0.0,0.0,62.0,0.0,0.0,0.0,0.0,708.0,1936.0,86.0,0.0,0.0,0.0,0.0,0.0,0.0,0.0,0.0,0.0,0.0,0.0,0.0,0.0,0.0,0.0,0.0,0.0,0.0,0.0,0.0,0.0,0.0,1152.0,0.0,0.0,0.0,0.0,0.0,18.0,0.0,0.0,0.0,15.0,GillRes
Gi4I1,3.0,7.0,0.0,0.0,0.0,2.0,0.0,0.0,0.0,0.0,0.0,0.0,0.0,0.0,1.0,0.0,0.0,501.0,0.0,0.0,2.0,0.0,0.0,0.0,0.0,0.0,0.0,2.0,0.0,0.0,0.0,0.0,0.0,0.0,0.0,6.0,0.0,0.0,0.0,163.0,7.0,2.0,0.0,0.0,0.0,0.0,0.0,0.0,0.0,0.0,0.0,0.0,0.0,2.0,0.0,0.0,0.0,0.0,0.0,0.0,0.0,0.0,0.0,278.0,189.0,0.0,0.0,0.0,0.0,0.0,0.0,0.0,9.0,0.0,3660.0,GillRes
Gi4I2,2.0,4.0,0.0,0.0,0.0,0.0,0.0,0.0,0.0,0.0,0.0,0.0,0.0,0.0,0.0,0.0,0.0,838.0,0.0,0.0,0.0,0.0,0.0,0.0,0.0,0.0,0.0,3.0,0.0,0.0,0.0,0.0,0.0,0.0,0.0,17.0,0.0,0.0,0.0,1.0,1.0,0.0,0.0,0.0,0.0,0.0,0.0,0.0,0.0,0.0,0.0,0.0,0.0,0.0,0.0,0.0,0.0,1.0,0.0,0.0,0.0,0.0,0.0,306.0,147.0,0.0,0.0,0.0,0.0,0.0,0.0,0.0,6.0,0.0,3508.0,GillInf
Gi4I3,0.0,0.0,0.0,0.0,0.0,0.0,0.0,0.0,0.0,0.0,0.0,0.0,0.0,0.0,178.0,163.0,0.0,445.0,0.0,0.0,0.0,0.0,0.0,0.0,0.0,0.0,0.0,0.0,0.0,0.0,0.0,0.0,0.0,0.0,57.0,0.0,0.0,0.0,0.0,853.0,1297.0,90.0,0.0,0.0,0.0,0.0,0.0,0.0,0.0,0.0,0.0,0.0,0.0,0.0,0.0,0.0,0.0,0.0,0.0,0.0,0.0,0.0,0.0,0.0,1697.0,0.0,0.0,0.0,0.0,0.0,16.0,0.0,0.0,0.0,38.0,GillRes
Gi4I4,0.0,4.0,0.0,0.0,0.0,0.0,0.0,0.0,0.0,0.0,0.0,0.0,0.0,0.0,226.0,171.0,0.0,688.0,0.0,0.0,0.0,0.0,0.0,0.0,0.0,0.0,0.0,0.0,0.0,0.0,0.0,0.0,0.0,0.0,56.0,0.0,0.0,0.0,0.0,794.0,1205.0,94.0,0.0,0.0,0.0,0.0,0.0,0.0,0.0,0.0,0.0,0.0,0.0,0.0,0.0,0.0,0.0,0.0,0.0,0.0,0.0,0.0,0.0,0.0,1538.0,0.0,0.0,0.0,0.0,0.0,20.0,0.0,0.0,0.0,38.0,GillRes
Gi4I5,5.0,3.0,0.0,0.0,0.0,2.0,0.0,0.0,0.0,0.0,0.0,0.0,0.0,0.0,4.0,0.0,0.0,364.0,0.0,0.0,3.0,0.0,0.0,0.0,0.0,0.0,0.0,4.0,0.0,0.0,0.0,0.0,0.0,0.0,0.0,0.0,0.0,0.0,0.0,14.0,0.0,0.0,0.0,0.0,0.0,0.0,0.0,0.0,0.0,0.0,0.0,0.0,0.0,6.0,0.0,0.0,0.0,0.0,0.0,0.0,0.0,0.0,0.0,207.0,37.0,0.0,0.0,0.0,0.0,0.0,0.0,0.0,0.0,0.0,4185.0,GillRes
Gi7I1,85.0,3.0,0.0,0.0,0.0,0.0,0.0,0.0,0.0,0.0,0.0,0.0,0.0,0.0,60.0,28.0,0.0,260.0,0.0,0.0,0.0,0.0,0.0,0.0,0.0,0.0,0.0,3.0,0.0,0.0,0.0,6.0,0.0,0.0,23.0,4.0,2.0,0.0,0.0,1264.0,742.0,67.0,0.0,0.0,0.0,0.0,0.0,0.0,0.0,0.0,0.0,0.0,0.0,0.0,0.0,0.0,0.0,0.0,0.0,0.0,0.0,0.0,0.0,80.0,1709.0,0.0,0.0,0.0,0.0,0.0,0.0,0.0,0.0,0.0,498.0,GillRes
Gi7I2,141.0,12.0,0.0,0.0,0.0,22.0,0.0,11.0,0.0,0.0,0.0,1.0,2.0,0.0,54.0,13.0,0.0,119.0,0.0,2.0,3.0,0.0,0.0,0.0,0.0,0.0,0.0,3.0,0.0,0.0,0.0,3.0,0.0,0.0,3.0,3.0,0.0,0.0,0.0,140.0,55.0,3.0,2.0,0.0,0.0,0.0,0.0,0.0,0.0,8.0,0.0,0.0,0.0,0.0,0.0,3.0,0.0,9.0,0.0,0.0,0.0,17.0,0.0,119.0,3391.0,0.0,0.0,3.0,0.0,0.0,0.0,10.0,0.0,0.0,682.0,GillRes
Gi7I3,23.0,7.0,0.0,0.0,0.0,0.0,0.0,0.0,0.0,0.0,0.0,0.0,0.0,0.0,0.0,0.0,0.0,843.0,0.0,0.0,0.0,0.0,0.0,0.0,0.0,0.0,0.0,134.0,0.0,0.0,0.0,0.0,0.0,0.0,0.0,13.0,0.0,0.0,0.0,13.0,8.0,0.0,0.0,0.0,0.0,0.0,0.0,0.0,1.0,0.0,0.0,0.0,0.0,0.0,0.0,0.0,0.0,4.0,2.0,0.0,0.0,0.0,0.0,472.0,58.0,0.0,0.0,0.0,0.0,0.0,0.0,0.0,0.0,0.0,3256.0,GillRes
Gi7I4,6.0,7.0,0.0,0.0,0.0,0.0,0.0,0.0,0.0,0.0,0.0,0.0,0.0,0.0,0.0,0.0,0.0,868.0,0.0,0.0,0.0,0.0,0.0,0.0,0.0,0.0,0.0,0.0,0.0,0.0,0.0,0.0,0.0,0.0,0.0,5.0,0.0,0.0,0.0,1.0,3.0,0.0,0.0,0.0,0.0,0.0,0.0,0.0,0.0,0.0,0.0,0.0,0.0,0.0,0.0,0.0,0.0,0.0,0.0,0.0,0.0,0.0,0.0,289.0,9.0,0.0,0.0,0.0,0.0,0.0,0.0,0.0,0.0,0.0,3646.0,GillRes
Gi7I5,0.0,0.0,0.0,0.0,0.0,0.0,0.0,0.0,0.0,0.0,0.0,0.0,0.0,0.0,129.0,158.0,0.0,385.0,0.0,0.0,0.0,0.0,0.0,0.0,0.0,0.0,0.0,9.0,0.0,0.0,0.0,0.0,0.0,0.0,46.0,1.0,0.0,0.0,0.0,653.0,1183.0,79.0,0.0,0.0,0.0,0.0,0.0,0.0,0.0,0.0,0.0,0.0,0.0,0.0,0.0,0.0,0.0,0.0,0.0,0.0,0.0,0.0,0.0,23.0,1173.0,0.0,0.0,0.0,0.0,0.0,18.0,0.0,0.0,0.0,977.0,GillInf
Gi10I1,61.0,95.0,0.0,0.0,0.0,0.0,7.0,0.0,0.0,0.0,0.0,0.0,0.0,0.0,151.0,67.0,0.0,505.0,0.0,0.0,0.0,0.0,0.0,0.0,0.0,0.0,0.0,0.0,0.0,0.0,0.0,3.0,0.0,0.0,54.0,0.0,0.0,0.0,0.0,466.0,2332.0,133.0,0.0,0.0,0.0,0.0,0.0,0.0,0.0,0.0,0.0,0.0,0.0,0.0,0.0,0.0,0.0,0.0,0.0,0.0,0.0,0.0,0.0,23.0,684.0,0.0,0.0,0.0,0.0,0.0,7.0,0.0,0.0,0.0,246.0,GillRes
Gi10I2,6.0,0.0,0.0,0.0,0.0,0.0,0.0,0.0,0.0,0.0,0.0,0.0,0.0,0.0,100.0,106.0,0.0,336.0,0.0,0.0,0.0,0.0,0.0,0.0,0.0,0.0,0.0,7.0,0.0,0.0,0.0,0.0,0.0,0.0,29.0,3.0,0.0,0.0,0.0,810.0,1372.0,73.0,0.0,0.0,0.0,0.0,0.0,0.0,0.0,0.0,0.0,0.0,0.0,0.0,0.0,0.0,0.0,0.0,0.0,0.0,0.0,0.0,0.0,25.0,1278.0,0.0,0.0,0.0,0.0,0.0,18.0,0.0,0.0,0.0,671.0,GillInf
Gi10I3,8.0,24.0,0.0,0.0,0.0,0.0,4.0,0.0,0.0,0.0,0.0,0.0,0.0,0.0,14.0,0.0,3.0,213.0,0.0,0.0,0.0,0.0,0.0,0.0,0.0,0.0,0.0,9.0,0.0,0.0,0.0,0.0,0.0,0.0,0.0,5.0,0.0,0.0,0.0,330.0,109.0,0.0,0.0,0.0,0.0,0.0,0.0,0.0,0.0,0.0,0.0,0.0,0.0,0.0,0.0,0.0,0.0,0.0,0.0,0.0,0.0,1.0,0.0,134.0,88.0,0.0,0.0,0.0,0.0,0.0,0.0,0.0,0.0,0.0,3892.0,GillInf
Gi10I4,8.0,39.0,0.0,0.0,0.0,0.0,0.0,0.0,0.0,0.0,0.0,0.0,0.0,0.0,152.0,122.0,0.0,416.0,0.0,0.0,0.0,0.0,0.0,0.0,0.0,0.0,0.0,0.0,0.0,0.0,0.0,0.0,0.0,0.0,48.0,4.0,0.0,0.0,0.0,562.0,1865.0,102.0,3.0,0.0,0.0,0.0,0.0,0.0,0.0,0.0,0.0,0.0,0.0,0.0,0.0,0.0,0.0,2.0,0.0,0.0,0.0,0.0,0.0,30.0,845.0,0.0,0.0,0.0,0.0,0.0,7.0,0.0,0.0,0.0,629.0,GillRes
Gi10I5,17.0,48.0,0.0,0.0,0.0,0.0,0.0,0.0,0.0,0.0,0.0,0.0,0.0,0.0,207.0,221.0,0.0,332.0,0.0,0.0,0.0,0.0,0.0,0.0,0.0,0.0,0.0,1.0,2.0,0.0,0.0,0.0,0.0,0.0,53.0,0.0,0.0,0.0,0.0,723.0,1774.0,97.0,0.0,0.0,0.0,0.0,0.0,0.0,0.0,0.0,0.0,0.0,0.0,0.0,0.0,0.0,0.0,0.0,0.0,0.0,0.0,0.0,0.0,29.0,367.0,0.0,0.0,0.0,0.0,0.0,14.0,0.0,0.0,0.0,949.0,GillInf
Gi10I6,50.0,137.0,0.0,0.0,0.0,0.0,0.0,0.0,0.0,0.0,0.0,0.0,0.0,4.0,113.0,68.0,0.0,328.0,0.0,0.0,0.0,0.0,0.0,0.0,0.0,0.0,0.0,0.0,0.0,0.0,0.0,0.0,0.0,0.0,14.0,8.0,0.0,0.0,0.0,495.0,1576.0,69.0,1.0,0.0,0.0,0.0,0.0,0.0,0.0,0.0,0.0,0.0,0.0,0.0,0.0,0.0,0.0,1.0,0.0,0.0,0.0,3.0,0.0,60.0,754.0,0.0,0.0,0.0,0.0,0.0,5.0,0.0,0.0,0.0,1148.0,GillRes
Gi10I7,16.0,396.0,0.0,0.0,0.0,0.0,0.0,0.0,0.0,0.0,0.0,0.0,0.0,0.0,141.0,22.0,0.0,230.0,0.0,0.0,2.0,0.0,0.0,0.0,0.0,6.0,0.0,16.0,0.0,0.0,0.0,0.0,0.0,0.0,18.0,4.0,0.0,0.0,0.0,241.0,442.0,26.0,9.0,0.0,0.0,0.0,0.0,0.0,0.0,0.0,0.0,0.0,0.0,0.0,0.0,0.0,0.0,0.0,0.0,0.0,0.0,3.0,0.0,165.0,361.0,0.0,0.0,0.0,0.0,0.0,0.0,0.0,0.0,0.0,2736.0,GillRes
Gi10I10,23.0,151.0,0.0,0.0,0.0,9.0,0.0,0.0,0.0,0.0,0.0,0.0,0.0,0.0,96.0,17.0,0.0,391.0,0.0,0.0,0.0,0.0,0.0,0.0,0.0,0.0,0.0,25.0,0.0,24.0,0.0,43.0,0.0,0.0,26.0,2.0,0.0,0.0,0.0,308.0,253.0,37.0,1.0,0.0,0.0,0.0,0.0,0.0,0.0,0.0,0.0,0.0,0.0,0.0,0.0,0.0,0.0,0.0,0.0,0.0,0.0,2.0,0.0,317.0,164.0,0.0,79.0,0.0,0.0,0.0,24.0,0.0,0.0,0.0,2842.0,GillRes
Gi0C1,11.0,47.0,0.0,0.0,0.0,2.0,0.0,0.0,0.0,0.0,0.0,0.0,0.0,0.0,17.0,0.0,0.0,145.0,0.0,0.0,0.0,0.0,0.0,0.0,0.0,0.0,0.0,6.0,0.0,0.0,0.0,0.0,0.0,0.0,0.0,0.0,0.0,0.0,0.0,169.0,13.0,9.0,0.0,0.0,0.0,0.0,0.0,0.0,0.0,0.0,0.0,0.0,0.0,0.0,0.0,0.0,0.0,4.0,1.0,0.0,0.0,0.0,0.0,130.0,70.0,0.0,0.0,0.0,0.0,0.0,0.0,0.0,0.0,0.0,4210.0,GillCont
Gi0C2,2.0,1.0,0.0,0.0,0.0,0.0,0.0,0.0,0.0,0.0,0.0,0.0,0.0,0.0,126.0,87.0,0.0,386.0,0.0,0.0,0.0,0.0,0.0,0.0,0.0,0.0,0.0,4.0,0.0,0.0,0.0,0.0,0.0,0.0,49.0,0.0,0.0,0.0,0.0,757.0,1675.0,105.0,1.0,0.0,0.0,0.0,0.0,0.0,0.0,0.0,0.0,0.0,0.0,0.0,0.0,0.0,0.0,0.0,0.0,0.0,0.0,0.0,0.0,16.0,1609.0,0.0,0.0,0.0,0.0,0.0,8.0,0.0,0.0,0.0,8.0,GillCont
Gi0C3,10.0,13.0,0.0,0.0,0.0,0.0,0.0,0.0,0.0,0.0,0.0,0.0,0.0,0.0,434.0,10.0,0.0,969.0,0.0,0.0,0.0,0.0,19.0,0.0,0.0,0.0,0.0,0.0,0.0,0.0,0.0,0.0,0.0,0.0,9.0,0.0,0.0,0.0,0.0,614.0,1640.0,123.0,89.0,0.0,0.0,0.0,0.0,0.0,0.0,0.0,0.0,0.0,0.0,0.0,0.0,0.0,0.0,0.0,0.0,0.0,0.0,0.0,0.0,1.0,888.0,0.0,0.0,0.0,0.0,0.0,0.0,0.0,0.0,0.0,15.0,GillCont
Gi0C4,879.0,263.0,0.0,0.0,0.0,17.0,0.0,0.0,0.0,0.0,0.0,0.0,0.0,0.0,34.0,41.0,0.0,1257.0,0.0,0.0,1.0,0.0,118.0,0.0,0.0,0.0,0.0,104.0,0.0,0.0,0.0,158.0,0.0,0.0,132.0,0.0,0.0,58.0,0.0,144.0,300.0,0.0,0.0,0.0,0.0,0.0,0.0,0.0,0.0,0.0,0.0,0.0,0.0,0.0,0.0,0.0,0.0,0.0,0.0,0.0,0.0,0.0,0.0,504.0,627.0,0.0,0.0,0.0,0.0,0.0,5.0,0.0,0.0,0.0,192.0,GillCont
Gi0C5,343.0,179.0,0.0,0.0,10.0,4.0,0.0,0.0,0.0,0.0,0.0,0.0,0.0,0.0,167.0,126.0,0.0,376.0,0.0,0.0,0.0,0.0,0.0,0.0,0.0,0.0,0.0,3.0,0.0,0.0,0.0,0.0,0.0,0.0,29.0,0.0,0.0,0.0,0.0,979.0,1031.0,224.0,0.0,0.0,0.0,0.0,0.0,0.0,0.0,0.0,0.0,0.0,0.0,0.0,0.0,0.0,0.0,0.0,0.0,0.0,0.0,0.0,0.0,64.0,1219.0,0.0,0.0,0.0,20.0,0.0,0.0,0.0,0.0,0.0,60.0,GillCont
Gi4C1,272.0,87.0,0.0,0.0,4.0,3.0,0.0,0.0,0.0,0.0,0.0,0.0,0.0,0.0,130.0,34.0,0.0,692.0,0.0,0.0,0.0,0.0,0.0,0.0,0.0,0.0,0.0,8.0,0.0,0.0,0.0,0.0,0.0,0.0,1.0,0.0,0.0,0.0,0.0,408.0,1069.0,5.0,0.0,0.0,0.0,0.0,0.0,0.0,0.0,0.0,0.0,0.0,0.0,21.0,0.0,0.0,0.0,0.0,0.0,0.0,0.0,0.0,0.0,177.0,972.0,0.0,60.0,0.0,0.0,0.0,17.0,0.0,0.0,0.0,874.0,GillCont
Gi4C2,10.0,23.0,0.0,0.0,0.0,0.0,0.0,0.0,0.0,0.0,0.0,0.0,0.0,0.0,293.0,165.0,0.0,836.0,0.0,0.0,0.0,0.0,0.0,0.0,0.0,0.0,0.0,0.0,0.0,0.0,0.0,0.0,0.0,0.0,32.0,0.0,0.0,0.0,0.0,505.0,2043.0,143.0,0.0,0.0,0.0,0.0,0.0,0.0,0.0,0.0,0.0,0.0,0.0,0.0,0.0,0.0,0.0,0.0,0.0,0.0,0.0,0.0,0.0,5.0,638.0,0.0,0.0,0.0,0.0,0.0,7.0,0.0,0.0,0.0,134.0,GillCont
Gi4C3,58.0,71.0,0.0,0.0,4.0,4.0,0.0,0.0,0.0,0.0,0.0,0.0,0.0,0.0,42.0,18.0,0.0,725.0,0.0,0.0,0.0,0.0,3.0,0.0,0.0,0.0,0.0,2.0,0.0,0.0,0.0,0.0,0.0,0.0,30.0,0.0,0.0,0.0,0.0,373.0,229.0,47.0,0.0,0.0,0.0,0.0,0.0,0.0,0.0,0.0,0.0,0.0,0.0,0.0,0.0,0.0,0.0,0.0,0.0,0.0,0.0,0.0,0.0,126.0,360.0,0.0,0.0,0.0,6.0,0.0,0.0,0.0,0.0,0.0,2736.0,GillCont
Gi4C4,93.0,85.0,0.0,0.0,0.0,3.0,0.0,0.0,0.0,0.0,0.0,0.0,0.0,0.0,193.0,141.0,0.0,275.0,0.0,0.0,0.0,0.0,0.0,0.0,0.0,0.0,0.0,3.0,0.0,0.0,0.0,0.0,0.0,0.0,9.0,0.0,0.0,0.0,0.0,981.0,1480.0,78.0,0.0,0.0,0.0,0.0,0.0,0.0,0.0,0.0,0.0,0.0,0.0,0.0,0.0,0.0,0.0,0.0,0.0,0.0,0.0,0.0,0.0,22.0,819.0,0.0,25.0,0.0,0.0,0.0,4.0,0.0,0.0,0.0,623.0,GillCont
Gi4C5,114.0,54.0,0.0,0.0,0.0,8.0,0.0,0.0,0.0,0.0,0.0,0.0,0.0,0.0,30.0,0.0,0.0,477.0,0.0,0.0,0.0,0.0,0.0,0.0,0.0,0.0,0.0,0.0,0.0,0.0,0.0,10.0,0.0,0.0,111.0,0.0,0.0,0.0,0.0,169.0,149.0,27.0,0.0,0.0,0.0,0.0,0.0,0.0,0.0,0.0,0.0,0.0,0.0,0.0,0.0,0.0,0.0,0.0,0.0,0.0,0.0,0.0,0.0,81.0,229.0,0.0,174.0,0.0,0.0,0.0,0.0,0.0,0.0,0.0,3201.0,GillCont
Gi7C1,12.0,0.0,0.0,0.0,0.0,0.0,0.0,0.0,0.0,0.0,0.0,0.0,0.0,0.0,179.0,177.0,0.0,559.0,0.0,0.0,0.0,0.0,0.0,0.0,0.0,0.0,0.0,0.0,0.0,0.0,0.0,0.0,0.0,0.0,51.0,0.0,0.0,0.0,0.0,979.0,1510.0,87.0,3.0,0.0,0.0,0.0,0.0,0.0,0.0,0.0,0.0,0.0,0.0,0.0,0.0,0.0,0.0,0.0,0.0,0.0,0.0,0.0,0.0,5.0,1232.0,0.0,0.0,0.0,0.0,0.0,14.0,0.0,0.0,0.0,26.0,GillCont
Gi7C2,95.0,18.0,0.0,0.0,0.0,0.0,0.0,0.0,0.0,0.0,0.0,0.0,0.0,0.0,115.0,82.0,0.0,392.0,0.0,0.0,0.0,0.0,4.0,0.0,0.0,0.0,0.0,0.0,0.0,0.0,0.0,0.0,0.0,0.0,31.0,2.0,0.0,0.0,0.0,978.0,1240.0,101.0,9.0,0.0,0.0,0.0,0.0,0.0,0.0,0.0,0.0,0.0,0.0,0.0,0.0,0.0,0.0,0.0,0.0,0.0,0.0,0.0,0.0,49.0,1427.0,0.0,0.0,0.0,0.0,0.0,16.0,0.0,0.0,0.0,275.0,GillCont
Gi7C3,47.0,28.0,0.0,0.0,0.0,6.0,2.0,0.0,0.0,0.0,0.0,0.0,0.0,0.0,169.0,158.0,0.0,409.0,0.0,0.0,0.0,0.0,0.0,0.0,0.0,5.0,0.0,2.0,0.0,0.0,0.0,20.0,0.0,0.0,22.0,0.0,0.0,0.0,0.0,1022.0,1770.0,107.0,6.0,0.0,0.0,0.0,0.0,0.0,0.0,0.0,0.0,0.0,0.0,0.0,0.0,0.0,0.0,0.0,0.0,0.0,0.0,0.0,0.0,32.0,859.0,0.0,0.0,0.0,0.0,0.0,0.0,0.0,0.0,0.0,170.0,GillCont
Gi7C4,148.0,150.0,0.0,0.0,0.0,1.0,0.0,0.0,0.0,0.0,0.0,0.0,0.0,0.0,71.0,68.0,2.0,806.0,0.0,0.0,26.0,0.0,0.0,0.0,0.0,11.0,0.0,67.0,0.0,0.0,0.0,0.0,0.0,0.0,44.0,0.0,37.0,0.0,0.0,876.0,1106.0,97.0,0.0,0.0,0.0,0.0,0.0,0.0,0.0,0.0,0.0,0.0,0.0,0.0,0.0,0.0,0.0,0.0,5.0,0.0,0.0,0.0,0.0,168.0,870.0,0.0,27.0,0.0,19.0,0.0,13.0,12.0,0.0,0.0,210.0,GillCont
Gi7C5,0.0,0.0,0.0,0.0,0.0,0.0,0.0,0.0,0.0,0.0,0.0,0.0,0.0,0.0,15.0,0.0,0.0,1219.0,0.0,0.0,0.0,0.0,0.0,0.0,0.0,0.0,0.0,0.0,3.0,0.0,0.0,98.0,0.0,0.0,0.0,0.0,0.0,0.0,0.0,775.0,2072.0,0.0,0.0,0.0,0.0,0.0,0.0,0.0,0.0,0.0,0.0,0.0,0.0,0.0,0.0,45.0,0.0,0.0,0.0,0.0,0.0,0.0,0.0,91.0,133.0,0.0,0.0,0.0,0.0,0.0,0.0,0.0,0.0,0.0,383.0,GillCont
Gi10C1,33.0,611.0,0.0,0.0,0.0,0.0,0.0,0.0,0.0,0.0,0.0,0.0,0.0,0.0,146.0,106.0,0.0,304.0,0.0,0.0,0.0,0.0,4.0,0.0,0.0,0.0,0.0,1334.0,0.0,0.0,0.0,0.0,0.0,0.0,5.0,1.0,0.0,0.0,0.0,319.0,1454.0,101.0,3.0,0.0,0.0,0.0,0.0,0.0,0.0,0.0,0.0,0.0,0.0,0.0,0.0,0.0,0.0,0.0,3.0,0.0,0.0,8.0,0.0,67.0,303.0,0.0,0.0,0.0,0.0,0.0,0.0,0.0,0.0,0.0,32.0,GillCont
Gi10C2,348.0,95.0,0.0,0.0,0.0,27.0,0.0,0.0,0.0,0.0,0.0,0.0,0.0,0.0,0.0,0.0,0.0,933.0,0.0,0.0,15.0,0.0,0.0,0.0,0.0,0.0,0.0,14.0,0.0,0.0,0.0,0.0,0.0,0.0,0.0,38.0,0.0,0.0,0.0,79.0,85.0,0.0,0.0,0.0,0.0,0.0,0.0,0.0,0.0,0.0,0.0,0.0,0.0,0.0,0.0,0.0,0.0,0.0,2.0,0.0,0.0,12.0,0.0,720.0,486.0,0.0,0.0,0.0,0.0,0.0,0.0,0.0,0.0,0.0,1980.0,GillCont
Gi10C3,574.0,126.0,19.0,15.0,0.0,15.0,0.0,0.0,0.0,0.0,0.0,0.0,0.0,0.0,23.0,0.0,0.0,588.0,0.0,0.0,8.0,0.0,0.0,0.0,2.0,0.0,0.0,14.0,0.0,0.0,0.0,3.0,0.0,0.0,19.0,39.0,0.0,0.0,0.0,389.0,601.0,0.0,0.0,0.0,0.0,0.0,0.0,0.0,0.0,0.0,0.0,0.0,0.0,0.0,0.0,0.0,0.0,0.0,0.0,0.0,0.0,105.0,0.0,477.0,1031.0,0.0,0.0,0.0,0.0,0.0,24.0,0.0,0.0,0.0,762.0,GillCont
Gi10C5,58.0,312.0,0.0,0.0,0.0,0.0,0.0,0.0,0.0,0.0,0.0,0.0,0.0,0.0,130.0,42.0,0.0,540.0,0.0,0.0,5.0,0.0,0.0,0.0,0.0,4.0,0.0,444.0,3.0,0.0,0.0,0.0,0.0,0.0,30.0,23.0,0.0,1.0,0.0,497.0,1247.0,92.0,0.0,0.0,0.0,0.0,0.0,0.0,0.0,0.0,0.0,0.0,0.0,0.0,0.0,0.0,0.0,0.0,1.0,0.0,0.0,13.0,0.0,204.0,557.0,0.0,0.0,0.0,0.0,0.0,6.0,0.0,0.0,0.0,625.0,GillCont
M00C1,0.0,0.0,0.0,0.0,0.0,0.0,0.0,0.0,0.0,0.0,0.0,2.0,0.0,0.0,15.0,3.0,0.0,487.0,0.0,0.0,57.0,0.0,0.0,0.0,0.0,0.0,0.0,0.0,0.0,0.0,0.0,0.0,0.0,3.0,2.0,247.0,0.0,35.0,0.0,43.0,98.0,4.0,5.0,0.0,0.0,0.0,3.0,0.0,58.0,1.0,0.0,0.0,0.0,2.0,0.0,0.0,0.0,5.0,8.0,0.0,0.0,3.0,0.0,398.0,3256.0,0.0,0.0,0.0,0.0,0.0,0.0,0.0,5.0,0.0,94.0,MucusCont
M00C2,0.0,0.0,0.0,0.0,0.0,2.0,0.0,0.0,0.0,0.0,0.0,6.0,0.0,0.0,7.0,0.0,0.0,440.0,0.0,0.0,56.0,0.0,0.0,0.0,0.0,0.0,0.0,0.0,0.0,0.0,0.0,0.0,0.0,0.0,1.0,137.0,0.0,20.0,0.0,25.0,17.0,1.0,0.0,0.0,0.0,0.0,0.0,0.0,27.0,0.0,0.0,0.0,0.0,19.0,0.0,0.0,0.0,3.0,1.0,0.0,0.0,0.0,0.0,292.0,3639.0,0.0,0.0,0.0,0.0,0.0,0.0,0.0,45.0,0.0,96.0,MucusCont
M00C3,0.0,0.0,0.0,0.0,0.0,4.0,0.0,0.0,0.0,0.0,0.0,0.0,0.0,0.0,25.0,13.0,0.0,635.0,1.0,0.0,34.0,0.0,0.0,2.0,0.0,0.0,0.0,0.0,0.0,0.0,0.0,0.0,2.0,0.0,5.0,79.0,0.0,27.0,0.0,46.0,123.0,9.0,3.0,0.0,0.0,0.0,0.0,0.0,35.0,1.0,0.0,0.0,0.0,7.0,0.0,0.0,0.0,4.0,0.0,0.0,1.0,0.0,0.0,233.0,3376.0,0.0,0.0,0.0,0.0,0.0,0.0,0.0,39.0,2.0,128.0,MucusCont
M00C4,0.0,0.0,0.0,0.0,0.0,0.0,0.0,0.0,0.0,0.0,0.0,0.0,0.0,0.0,49.0,42.0,0.0,1930.0,0.0,1.0,45.0,0.0,1.0,0.0,0.0,0.0,0.0,0.0,0.0,0.0,0.0,0.0,0.0,0.0,14.0,332.0,0.0,9.0,0.0,99.0,801.0,41.0,0.0,0.0,0.0,0.0,0.0,0.0,4.0,0.0,0.0,0.0,0.0,0.0,0.0,0.0,0.0,1.0,0.0,0.0,0.0,1.0,0.0,862.0,526.0,0.0,0.0,0.0,0.0,0.0,2.0,0.0,3.0,0.0,71.0,MucusCont
M00C5,0.0,0.0,0.0,0.0,0.0,0.0,0.0,0.0,0.0,0.0,0.0,0.0,0.0,0.0,11.0,1.0,0.0,2449.0,0.0,0.0,40.0,0.0,0.0,0.0,0.0,0.0,0.0,0.0,0.0,0.0,0.0,0.0,0.0,0.0,0.0,332.0,0.0,28.0,0.0,22.0,25.0,1.0,0.0,0.0,0.0,0.0,0.0,0.0,2.0,0.0,0.0,0.0,0.0,0.0,0.0,0.0,0.0,1.0,2.0,0.0,0.0,0.0,0.0,565.0,1280.0,0.0,0.0,0.0,0.0,0.0,0.0,0.0,3.0,0.0,72.0,MucusCont
M0I1,0.0,0.0,0.0,0.0,0.0,0.0,0.0,2.0,2.0,2.0,6.0,23.0,0.0,0.0,3.0,0.0,0.0,101.0,0.0,3.0,5.0,1.0,0.0,0.0,0.0,0.0,0.0,0.0,0.0,0.0,0.0,0.0,3.0,0.0,0.0,1.0,0.0,0.0,0.0,17.0,6.0,1.0,2.0,0.0,1.0,0.0,0.0,0.0,2.0,20.0,0.0,0.0,0.0,0.0,0.0,0.0,0.0,21.0,5.0,0.0,0.0,1.0,1.0,71.0,4502.0,2.0,0.0,0.0,0.0,0.0,0.0,4.0,7.0,0.0,19.0,MucusRes
M0I2,0.0,0.0,0.0,0.0,0.0,0.0,0.0,2.0,0.0,1.0,0.0,39.0,0.0,0.0,219.0,267.0,0.0,590.0,0.0,2.0,2.0,0.0,0.0,0.0,0.0,0.0,0.0,0.0,0.0,0.0,4.0,0.0,0.0,2.0,68.0,1.0,0.0,0.0,0.0,422.0,1823.0,82.0,0.0,1.0,0.0,0.0,0.0,0.0,0.0,3.0,0.0,2.0,0.0,0.0,0.0,0.0,0.0,5.0,3.0,0.0,0.0,0.0,0.0,45.0,1163.0,0.0,0.0,0.0,0.0,0.0,28.0,2.0,0.0,0.0,58.0,MucusRes
M0I3,0.0,0.0,0.0,0.0,0.0,7.0,0.0,8.0,8.0,5.0,7.0,125.0,5.0,8.0,11.0,7.0,0.0,575.0,3.0,27.0,7.0,1.0,0.0,2.0,0.0,0.0,0.0,0.0,0.0,0.0,9.0,0.0,0.0,3.0,0.0,17.0,0.0,0.0,0.0,9.0,48.0,0.0,0.0,5.0,7.0,10.0,5.0,0.0,22.0,23.0,2.0,17.0,0.0,0.0,0.0,1.0,0.0,23.0,23.0,1.0,3.0,13.0,0.0,197.0,3536.0,4.0,0.0,0.0,0.0,0.0,0.0,5.0,0.0,0.0,45.0,MucusRes
M0I4,0.0,0.0,0.0,0.0,0.0,0.0,0.0,0.0,3.0,0.0,1.0,13.0,0.0,0.0,56.0,55.0,0.0,219.0,2.0,2.0,0.0,0.0,0.0,0.0,0.0,0.0,0.0,0.0,0.0,0.0,0.0,0.0,0.0,2.0,10.0,0.0,0.0,0.0,0.0,136.0,442.0,32.0,2.0,0.0,0.0,0.0,0.0,0.0,2.0,6.0,0.0,0.0,0.0,0.0,0.0,0.0,1.0,17.0,0.0,0.0,0.0,0.0,0.0,29.0,3791.0,2.0,0.0,0.0,0.0,0.0,1.0,4.0,0.0,1.0,5.0,MucusRes
M0I5,2.0,1.0,0.0,0.0,0.0,3.0,0.0,0.0,7.0,2.0,8.0,54.0,0.0,5.0,1.0,0.0,0.0,235.0,6.0,15.0,14.0,2.0,0.0,0.0,0.0,0.0,0.0,6.0,0.0,0.0,6.0,0.0,0.0,2.0,0.0,13.0,0.0,0.0,0.0,13.0,10.0,1.0,0.0,2.0,3.0,0.0,2.0,0.0,5.0,8.0,0.0,1.0,0.0,1.0,0.0,0.0,0.0,9.0,7.0,0.0,0.0,4.0,0.0,146.0,4207.0,2.0,0.0,0.0,0.0,0.0,0.0,10.0,0.0,0.0,21.0,MucusRes
M4I1,46.0,374.0,0.0,0.0,0.0,0.0,0.0,0.0,0.0,0.0,0.0,0.0,0.0,0.0,139.0,42.0,0.0,587.0,0.0,0.0,0.0,0.0,0.0,0.0,0.0,0.0,8.0,11.0,0.0,0.0,0.0,0.0,0.0,0.0,41.0,0.0,0.0,0.0,0.0,499.0,1623.0,99.0,0.0,0.0,0.0,0.0,0.0,0.0,0.0,0.0,0.0,0.0,0.0,0.0,0.0,8.0,0.0,0.0,3.0,0.0,0.0,19.0,0.0,140.0,746.0,0.0,0.0,0.0,0.0,0.0,0.0,0.0,0.0,0.0,449.0,MucusRes
M4I2,0.0,0.0,0.0,0.0,0.0,3.0,0.0,0.0,0.0,0.0,0.0,1.0,0.0,0.0,22.0,0.0,0.0,2183.0,0.0,0.0,3.0,0.0,0.0,0.0,0.0,0.0,0.0,2.0,0.0,0.0,0.0,0.0,0.0,0.0,0.0,8.0,0.0,0.0,0.0,14.0,5.0,0.0,0.0,0.0,0.0,0.0,0.0,0.0,0.0,0.0,0.0,0.0,0.0,14.0,0.0,0.0,0.0,0.0,0.0,0.0,0.0,0.0,0.0,1115.0,175.0,0.0,0.0,0.0,0.0,0.0,0.0,0.0,0.0,0.0,1289.0,MucusInf
M4I3,0.0,0.0,0.0,0.0,0.0,2.0,0.0,0.0,0.0,0.0,0.0,0.0,0.0,2.0,7.0,5.0,0.0,2005.0,0.0,27.0,31.0,0.0,0.0,0.0,0.0,0.0,0.0,7.0,0.0,0.0,0.0,0.0,0.0,0.0,0.0,49.0,0.0,0.0,0.0,66.0,47.0,7.0,7.0,0.0,0.0,0.0,0.0,0.0,1.0,0.0,0.0,0.0,0.0,16.0,0.0,5.0,0.0,0.0,0.0,0.0,0.0,2.0,0.0,978.0,528.0,0.0,0.0,0.0,0.0,0.0,0.0,5.0,0.0,0.0,1037.0,MucusRes
M4I4,0.0,0.0,0.0,0.0,0.0,0.0,0.0,1.0,0.0,0.0,0.0,3.0,0.0,0.0,0.0,0.0,0.0,1644.0,0.0,0.0,12.0,0.0,0.0,0.0,0.0,0.0,0.0,1.0,0.0,0.0,0.0,0.0,0.0,0.0,0.0,31.0,0.0,0.0,0.0,0.0,0.0,0.0,0.0,0.0,0.0,0.0,0.0,0.0,3.0,0.0,0.0,0.0,0.0,20.0,0.0,1.0,0.0,0.0,1.0,0.0,0.0,0.0,0.0,1028.0,200.0,0.0,0.0,0.0,0.0,0.0,0.0,2.0,1.0,0.0,1886.0,MucusRes
M4I5,0.0,0.0,0.0,0.0,0.0,0.0,0.0,3.0,1.0,0.0,0.0,3.0,0.0,0.0,0.0,2.0,0.0,2704.0,0.0,2.0,5.0,0.0,0.0,0.0,0.0,0.0,0.0,5.0,0.0,0.0,0.0,0.0,0.0,0.0,0.0,37.0,0.0,0.0,0.0,19.0,18.0,2.0,0.0,0.0,0.0,0.0,0.0,0.0,1.0,1.0,0.0,0.0,0.0,11.0,0.0,0.0,0.0,0.0,1.0,0.0,0.0,0.0,0.0,762.0,278.0,0.0,0.0,0.0,0.0,0.0,0.0,2.0,0.0,0.0,977.0,MucusRes
M7I1,0.0,0.0,0.0,0.0,0.0,1.0,0.0,0.0,1.0,3.0,0.0,12.0,0.0,0.0,1.0,0.0,0.0,3273.0,2.0,5.0,49.0,0.0,0.0,0.0,0.0,0.0,0.0,6.0,0.0,0.0,0.0,0.0,0.0,0.0,0.0,113.0,0.0,0.0,0.0,5.0,3.0,0.0,0.0,0.0,0.0,0.0,0.0,0.0,18.0,0.0,0.0,0.0,0.0,1.0,0.0,0.0,0.0,5.0,2.0,0.0,0.0,0.0,0.0,438.0,584.0,0.0,0.0,0.0,0.0,0.0,0.0,2.0,0.0,0.0,310.0,MucusRes
M7I2,0.0,0.0,0.0,0.0,0.0,0.0,0.0,4.0,0.0,0.0,0.0,3.0,0.0,0.0,0.0,0.0,0.0,1572.0,0.0,0.0,20.0,0.0,0.0,0.0,0.0,0.0,0.0,2.0,0.0,0.0,0.0,0.0,0.0,0.0,0.0,101.0,0.0,0.0,0.0,5.0,0.0,0.0,0.0,0.0,0.0,0.0,0.0,0.0,8.0,0.0,0.0,0.0,0.0,2.0,0.0,0.0,0.0,4.0,2.0,0.0,0.0,1.0,0.0,1603.0,324.0,0.0,0.0,0.0,0.0,0.0,0.0,4.0,0.0,0.0,1179.0,MucusRes
M7I3,0.0,0.0,0.0,0.0,0.0,1.0,0.0,7.0,0.0,0.0,0.0,3.0,0.0,0.0,0.0,0.0,0.0,911.0,0.0,0.0,23.0,0.0,0.0,0.0,0.0,0.0,0.0,1.0,0.0,0.0,0.0,0.0,0.0,0.0,0.0,244.0,0.0,0.0,0.0,2.0,0.0,0.0,0.0,0.0,0.0,0.0,0.0,0.0,22.0,3.0,0.0,0.0,0.0,0.0,0.0,0.0,0.0,3.0,6.0,0.0,0.0,0.0,0.0,1886.0,222.0,0.0,0.0,0.0,0.0,0.0,0.0,9.0,0.0,0.0,1491.0,MucusRes
M7I4,0.0,16.0,0.0,0.0,0.0,0.0,0.0,0.0,3.0,0.0,0.0,5.0,0.0,0.0,74.0,26.0,0.0,1716.0,0.0,12.0,84.0,0.0,0.0,0.0,0.0,0.0,0.0,28.0,0.0,0.0,0.0,0.0,0.0,0.0,14.0,116.0,0.0,0.0,0.0,196.0,285.0,15.0,3.0,0.0,0.0,0.0,2.0,0.0,12.0,0.0,0.0,0.0,0.0,13.0,0.0,0.0,0.0,2.0,0.0,0.0,0.0,0.0,0.0,617.0,1051.0,0.0,0.0,0.0,0.0,0.0,0.0,0.0,0.0,0.0,544.0,MucusRes
M7I5,0.0,23.0,0.0,0.0,0.0,0.0,0.0,0.0,3.0,0.0,0.0,9.0,0.0,0.0,0.0,0.0,0.0,1854.0,0.0,12.0,49.0,0.0,0.0,0.0,0.0,0.0,0.0,14.0,0.0,0.0,0.0,0.0,0.0,0.0,0.0,148.0,0.0,0.0,0.0,62.0,10.0,0.0,0.0,0.0,0.0,0.0,0.0,0.0,4.0,0.0,0.0,0.0,0.0,11.0,0.0,0.0,0.0,3.0,0.0,0.0,0.0,1.0,0.0,1298.0,968.0,0.0,0.0,0.0,0.0,0.0,0.0,2.0,0.0,0.0,363.0,MucusInf
M10I1,0.0,0.0,0.0,0.0,0.0,0.0,0.0,0.0,0.0,0.0,0.0,0.0,0.0,0.0,24.0,13.0,0.0,1574.0,0.0,0.0,14.0,0.0,0.0,0.0,0.0,0.0,0.0,3.0,0.0,0.0,0.0,0.0,0.0,0.0,6.0,72.0,0.0,5.0,0.0,105.0,454.0,14.0,0.0,0.0,0.0,0.0,0.0,0.0,2.0,0.0,0.0,0.0,0.0,0.0,0.0,0.0,0.0,0.0,0.0,0.0,0.0,0.0,0.0,728.0,502.0,0.0,0.0,0.0,0.0,0.0,0.0,0.0,0.0,0.0,1318.0,MucusRes
M10I2,0.0,0.0,0.0,0.0,0.0,0.0,0.0,1.0,0.0,0.0,0.0,1.0,0.0,0.0,1.0,0.0,0.0,1744.0,0.0,2.0,32.0,0.0,0.0,0.0,0.0,0.0,0.0,8.0,0.0,0.0,0.0,0.0,0.0,0.0,0.0,148.0,0.0,7.0,0.0,10.0,8.0,0.0,0.0,0.0,0.0,1.0,0.0,0.0,14.0,1.0,0.0,0.0,0.0,1.0,0.0,0.0,0.0,7.0,5.0,0.0,0.0,2.0,0.0,1031.0,597.0,0.0,0.0,0.0,0.0,0.0,0.0,0.0,0.0,0.0,1213.0,MucusInf
M10I3,0.0,0.0,0.0,0.0,0.0,0.0,0.0,0.0,0.0,2.0,0.0,1.0,0.0,0.0,0.0,0.0,0.0,1398.0,0.0,0.0,53.0,0.0,0.0,0.0,0.0,0.0,0.0,7.0,0.0,0.0,0.0,0.0,0.0,0.0,0.0,373.0,0.0,1.0,0.0,1.0,0.0,0.0,0.0,0.0,0.0,0.0,3.0,0.0,31.0,0.0,0.0,0.0,0.0,1.0,0.0,0.0,0.0,6.0,9.0,0.0,2.0,0.0,0.0,677.0,842.0,0.0,0.0,0.0,0.0,0.0,0.0,0.0,0.0,0.0,1427.0,MucusInf
M10I4,1.0,0.0,0.0,0.0,0.0,2.0,0.0,0.0,0.0,0.0,0.0,6.0,0.0,0.0,1.0,0.0,0.0,1621.0,0.0,12.0,95.0,0.0,0.0,0.0,0.0,0.0,0.0,24.0,0.0,0.0,0.0,0.0,0.0,0.0,0.0,324.0,0.0,14.0,0.0,113.0,6.0,0.0,0.0,0.0,0.0,0.0,0.0,0.0,21.0,2.0,0.0,0.0,0.0,1.0,0.0,0.0,0.0,8.0,7.0,0.0,0.0,0.0,0.0,805.0,1043.0,0.0,0.0,0.0,0.0,0.0,0.0,0.0,0.0,0.0,728.0,MucusRes
M10I5,0.0,0.0,0.0,0.0,0.0,0.0,0.0,2.0,0.0,0.0,0.0,0.0,0.0,0.0,8.0,6.0,0.0,2010.0,0.0,5.0,25.0,0.0,0.0,0.0,0.0,0.0,0.0,9.0,0.0,0.0,0.0,0.0,0.0,0.0,4.0,142.0,0.0,8.0,0.0,124.0,164.0,12.0,1.0,0.0,0.0,0.0,0.0,0.0,13.0,0.0,0.0,0.0,0.0,4.0,0.0,0.0,0.0,7.0,1.0,0.0,0.0,0.0,0.0,312.0,1372.0,0.0,0.0,0.0,0.0,0.0,0.0,0.0,0.0,0.0,605.0,MucusInf
M10I6,0.0,0.0,0.0,0.0,0.0,0.0,0.0,0.0,0.0,0.0,0.0,0.0,0.0,0.0,5.0,5.0,0.0,1852.0,0.0,4.0,38.0,0.0,0.0,0.0,0.0,0.0,0.0,15.0,0.0,0.0,0.0,0.0,0.0,0.0,1.0,114.0,0.0,9.0,0.0,110.0,112.0,6.0,0.0,0.0,0.0,0.0,0.0,0.0,4.0,0.0,0.0,0.0,0.0,3.0,0.0,0.0,0.0,0.0,1.0,0.0,0.0,0.0,0.0,456.0,1133.0,0.0,0.0,0.0,0.0,0.0,0.0,0.0,0.0,0.0,966.0,MucusRes
M10I7,0.0,0.0,0.0,0.0,0.0,0.0,0.0,0.0,2.0,0.0,0.0,0.0,0.0,0.0,18.0,20.0,0.0,1491.0,0.0,4.0,14.0,0.0,0.0,0.0,0.0,0.0,0.0,3.0,0.0,0.0,0.0,0.0,0.0,0.0,2.0,75.0,0.0,8.0,0.0,125.0,363.0,14.0,0.0,0.0,0.0,0.0,0.0,0.0,3.0,0.0,0.0,0.0,0.0,2.0,0.0,0.0,0.0,5.0,1.0,0.0,0.0,0.0,0.0,651.0,800.0,1.0,0.0,0.0,0.0,0.0,0.0,0.0,0.0,0.0,1232.0,MucusRes
M10I8,1.0,0.0,0.0,0.0,0.0,2.0,0.0,0.0,0.0,0.0,0.0,1.0,0.0,0.0,0.0,1.0,0.0,1905.0,1.0,10.0,61.0,0.0,0.0,0.0,0.0,0.0,0.0,4.0,0.0,0.0,0.0,0.0,0.0,0.0,0.0,260.0,0.0,13.0,0.0,201.0,9.0,0.0,4.0,0.0,0.0,0.0,0.0,0.0,21.0,1.0,0.0,0.0,0.0,0.0,0.0,0.0,2.0,8.0,4.0,0.0,0.0,0.0,0.0,703.0,1098.0,0.0,0.0,0.0,0.0,0.0,0.0,0.0,0.0,0.0,524.0,MucusRes
M0C1,0.0,0.0,0.0,0.0,0.0,0.0,0.0,9.0,3.0,0.0,2.0,1.0,0.0,3.0,1.0,0.0,0.0,2723.0,0.0,7.0,23.0,0.0,15.0,0.0,0.0,0.0,0.0,1.0,0.0,0.0,5.0,0.0,0.0,0.0,0.0,12.0,0.0,3.0,0.0,22.0,0.0,0.0,2.0,0.0,0.0,3.0,0.0,1.0,12.0,0.0,0.0,7.0,0.0,1.0,2.0,4.0,0.0,11.0,6.0,1.0,0.0,11.0,0.0,415.0,1402.0,0.0,0.0,0.0,0.0,0.0,0.0,0.0,2.0,0.0,124.0,MucusCont
M0C2,0.0,0.0,0.0,0.0,0.0,0.0,0.0,12.0,6.0,0.0,1.0,0.0,0.0,0.0,1.0,0.0,0.0,2631.0,2.0,7.0,91.0,0.0,228.0,0.0,0.0,0.0,0.0,0.0,0.0,0.0,3.0,0.0,0.0,0.0,0.0,15.0,0.0,0.0,0.0,41.0,4.0,0.0,0.0,1.0,0.0,0.0,1.0,0.0,83.0,17.0,1.0,4.0,0.0,0.0,0.0,1.0,0.0,27.0,6.0,2.0,3.0,11.0,2.0,230.0,920.0,0.0,0.0,0.0,0.0,0.0,0.0,0.0,4.0,0.0,479.0,MucusCont
M0C3,0.0,4.0,0.0,0.0,0.0,1.0,0.0,0.0,0.0,0.0,0.0,1.0,0.0,0.0,59.0,42.0,0.0,1971.0,3.0,4.0,17.0,0.0,7.0,0.0,0.0,0.0,0.0,10.0,0.0,0.0,0.0,0.0,0.0,0.0,15.0,39.0,0.0,0.0,0.0,332.0,851.0,41.0,0.0,1.0,0.0,1.0,0.0,0.0,6.0,6.0,0.0,4.0,0.0,0.0,2.0,0.0,3.0,8.0,0.0,0.0,0.0,1.0,0.0,299.0,942.0,0.0,0.0,0.0,0.0,0.0,4.0,0.0,3.0,0.0,157.0,MucusCont
M0C4,1.0,0.0,0.0,0.0,0.0,0.0,0.0,1.0,7.0,0.0,0.0,1.0,0.0,0.0,3.0,1.0,0.0,3316.0,0.0,5.0,65.0,0.0,74.0,0.0,0.0,0.0,0.0,22.0,0.0,0.0,1.0,0.0,0.0,0.0,1.0,13.0,0.0,5.0,0.0,20.0,43.0,0.0,0.0,0.0,0.0,1.0,0.0,0.0,46.0,4.0,0.0,2.0,0.0,0.0,0.0,0.0,0.0,8.0,0.0,0.0,0.0,3.0,0.0,176.0,805.0,0.0,0.0,0.0,0.0,0.0,0.0,1.0,0.0,0.0,209.0,MucusCont
M0C5,0.0,0.0,0.0,0.0,0.0,0.0,0.0,0.0,0.0,0.0,0.0,0.0,0.0,0.0,0.0,0.0,0.0,2271.0,0.0,2.0,5.0,0.0,44.0,0.0,0.0,0.0,0.0,6.0,0.0,0.0,0.0,0.0,0.0,0.0,0.0,0.0,0.0,13.0,0.0,3.0,0.0,0.0,0.0,0.0,0.0,0.0,0.0,0.0,0.0,0.0,0.0,0.0,0.0,10.0,1.0,0.0,0.0,0.0,0.0,0.0,0.0,0.0,0.0,713.0,1013.0,0.0,0.0,0.0,0.0,0.0,0.0,0.0,50.0,0.0,703.0,MucusCont
M4C1,0.0,0.0,0.0,0.0,0.0,0.0,0.0,0.0,0.0,0.0,0.0,0.0,0.0,0.0,0.0,0.0,0.0,2204.0,0.0,0.0,2.0,0.0,91.0,0.0,0.0,0.0,0.0,0.0,0.0,0.0,0.0,0.0,0.0,0.0,0.0,0.0,0.0,10.0,0.0,0.0,0.0,0.0,0.0,0.0,0.0,0.0,0.0,0.0,0.0,0.0,0.0,0.0,0.0,10.0,0.0,0.0,0.0,0.0,1.0,0.0,0.0,0.0,0.0,690.0,1035.0,0.0,0.0,0.0,0.0,0.0,0.0,0.0,44.0,0.0,747.0,MucusCont
M4C2,0.0,0.0,0.0,0.0,0.0,0.0,0.0,0.0,0.0,0.0,0.0,0.0,0.0,0.0,0.0,0.0,0.0,2325.0,0.0,2.0,4.0,0.0,81.0,0.0,0.0,0.0,0.0,0.0,0.0,0.0,0.0,0.0,0.0,0.0,0.0,2.0,0.0,12.0,0.0,0.0,0.0,0.0,0.0,0.0,0.0,0.0,0.0,0.0,0.0,0.0,0.0,0.0,0.0,16.0,0.0,0.0,0.0,0.0,3.0,0.0,0.0,0.0,0.0,691.0,635.0,0.0,0.0,0.0,0.0,0.0,0.0,0.0,22.0,0.0,1041.0,MucusCont
M4C3,0.0,0.0,0.0,0.0,0.0,0.0,0.0,0.0,0.0,0.0,0.0,1.0,0.0,0.0,133.0,122.0,0.0,1185.0,0.0,3.0,16.0,0.0,14.0,0.0,0.0,0.0,0.0,0.0,0.0,0.0,0.0,0.0,0.0,0.0,42.0,8.0,0.0,0.0,0.0,440.0,1159.0,59.0,0.0,0.0,0.0,0.0,0.0,0.0,0.0,6.0,0.0,4.0,0.0,2.0,0.0,0.0,0.0,13.0,0.0,0.0,0.0,1.0,0.0,108.0,1410.0,1.0,0.0,0.0,0.0,0.0,9.0,2.0,4.0,0.0,92.0,MucusCont
M4C4,0.0,0.0,0.0,0.0,0.0,0.0,0.0,0.0,0.0,0.0,0.0,0.0,0.0,0.0,2.0,0.0,0.0,2264.0,0.0,1.0,0.0,0.0,17.0,0.0,0.0,0.0,0.0,5.0,0.0,0.0,0.0,0.0,0.0,0.0,0.0,1.0,0.0,17.0,0.0,7.0,3.0,0.0,0.0,0.0,0.0,0.0,0.0,0.0,0.0,0.0,0.0,0.0,0.0,19.0,0.0,0.0,0.0,0.0,0.0,0.0,0.0,0.0,0.0,412.0,1516.0,0.0,0.0,0.0,0.0,0.0,0.0,0.0,43.0,0.0,527.0,MucusCont
M4C5,0.0,0.0,0.0,0.0,0.0,0.0,0.0,0.0,0.0,0.0,0.0,0.0,0.0,0.0,0.0,0.0,0.0,2269.0,0.0,0.0,6.0,0.0,37.0,0.0,0.0,0.0,0.0,0.0,0.0,0.0,0.0,0.0,0.0,0.0,0.0,0.0,0.0,12.0,0.0,0.0,0.0,0.0,0.0,0.0,0.0,0.0,0.0,0.0,0.0,0.0,0.0,0.0,0.0,16.0,3.0,0.0,0.0,0.0,0.0,0.0,0.0,0.0,0.0,399.0,1230.0,0.0,0.0,0.0,0.0,0.0,0.0,0.0,73.0,0.0,789.0,MucusCont
M7C1,0.0,0.0,0.0,0.0,0.0,0.0,0.0,0.0,0.0,0.0,0.0,0.0,0.0,0.0,0.0,0.0,0.0,2126.0,0.0,5.0,56.0,0.0,0.0,0.0,0.0,0.0,0.0,1.0,4.0,0.0,0.0,0.0,0.0,0.0,0.0,58.0,0.0,6.0,0.0,0.0,2.0,0.0,0.0,0.0,0.0,0.0,0.0,0.0,1.0,0.0,0.0,0.0,0.0,10.0,8.0,0.0,0.0,0.0,0.0,0.0,0.0,12.0,0.0,876.0,705.0,0.0,0.0,0.0,0.0,0.0,0.0,0.0,0.0,0.0,964.0,MucusCont
M7C2,0.0,0.0,0.0,0.0,0.0,0.0,0.0,0.0,0.0,0.0,0.0,0.0,0.0,0.0,15.0,0.0,0.0,1230.0,0.0,2.0,14.0,0.0,0.0,0.0,0.0,0.0,0.0,3.0,3.0,0.0,0.0,0.0,0.0,0.0,2.0,46.0,0.0,8.0,0.0,93.0,67.0,5.0,0.0,0.0,0.0,0.0,0.0,0.0,0.0,0.0,0.0,0.0,0.0,2.0,0.0,0.0,0.0,0.0,0.0,0.0,0.0,6.0,0.0,1155.0,293.0,0.0,0.0,0.0,0.0,0.0,0.0,0.0,0.0,0.0,1890.0,MucusCont
M7C3,0.0,0.0,0.0,0.0,0.0,0.0,0.0,0.0,0.0,0.0,0.0,0.0,0.0,0.0,0.0,0.0,0.0,2047.0,0.0,6.0,26.0,0.0,0.0,0.0,0.0,0.0,0.0,0.0,3.0,0.0,0.0,0.0,0.0,0.0,0.0,70.0,0.0,2.0,0.0,12.0,10.0,0.0,0.0,0.0,0.0,0.0,0.0,0.0,0.0,0.0,0.0,0.0,0.0,7.0,5.0,0.0,0.0,0.0,0.0,0.0,0.0,4.0,0.0,797.0,814.0,0.0,0.0,0.0,0.0,0.0,0.0,0.0,0.0,0.0,1031.0,MucusCont
M7C4,0.0,0.0,0.0,0.0,0.0,0.0,0.0,0.0,0.0,0.0,0.0,0.0,0.0,0.0,1.0,0.0,0.0,1512.0,0.0,2.0,27.0,0.0,0.0,0.0,0.0,0.0,0.0,1.0,2.0,0.0,0.0,0.0,0.0,0.0,0.0,57.0,0.0,0.0,0.0,12.0,6.0,1.0,0.0,0.0,0.0,0.0,0.0,0.0,0.0,0.0,0.0,0.0,0.0,0.0,0.0,0.0,0.0,0.0,0.0,0.0,0.0,1.0,0.0,1188.0,469.0,0.0,0.0,0.0,0.0,0.0,0.0,0.0,0.0,0.0,1555.0,MucusCont
M7C5,0.0,0.0,0.0,0.0,0.0,0.0,0.0,0.0,0.0,0.0,0.0,0.0,0.0,0.0,0.0,4.0,0.0,1952.0,0.0,2.0,3.0,0.0,0.0,0.0,0.0,0.0,0.0,2.0,0.0,0.0,0.0,0.0,0.0,0.0,7.0,31.0,0.0,0.0,0.0,131.0,1728.0,0.0,0.0,0.0,0.0,0.0,0.0,0.0,0.0,0.0,0.0,0.0,0.0,3.0,0.0,8.0,0.0,0.0,0.0,0.0,0.0,0.0,0.0,227.0,219.0,0.0,0.0,0.0,0.0,0.0,0.0,0.0,0.0,0.0,517.0,MucusCont
M10C1,0.0,0.0,0.0,0.0,0.0,1.0,0.0,0.0,0.0,0.0,0.0,0.0,0.0,0.0,5.0,0.0,0.0,1628.0,0.0,3.0,159.0,0.0,0.0,0.0,0.0,0.0,0.0,0.0,0.0,0.0,0.0,0.0,0.0,0.0,2.0,557.0,0.0,14.0,0.0,26.0,61.0,2.0,0.0,0.0,0.0,0.0,0.0,1.0,2.0,0.0,0.0,0.0,0.0,25.0,0.0,0.0,0.0,0.0,4.0,0.0,0.0,15.0,0.0,919.0,1175.0,0.0,0.0,0.0,0.0,0.0,1.0,1.0,0.0,0.0,233.0,MucusCont
M10C2,0.0,0.0,0.0,0.0,0.0,5.0,0.0,0.0,0.0,0.0,0.0,0.0,0.0,0.0,0.0,0.0,0.0,1751.0,0.0,5.0,174.0,0.0,0.0,0.0,0.0,0.0,0.0,0.0,2.0,0.0,0.0,0.0,0.0,0.0,0.0,542.0,0.0,18.0,0.0,1.0,0.0,0.0,0.0,0.0,0.0,0.0,0.0,0.0,17.0,0.0,0.0,0.0,1.0,22.0,1.0,0.0,0.0,2.0,9.0,0.0,0.0,61.0,0.0,820.0,607.0,0.0,0.0,0.0,0.0,0.0,0.0,0.0,0.0,0.0,796.0,MucusCont
M10C3,0.0,0.0,0.0,0.0,0.0,0.0,0.0,0.0,0.0,0.0,0.0,0.0,0.0,0.0,0.0,0.0,0.0,1427.0,0.0,2.0,97.0,0.0,0.0,0.0,0.0,0.0,0.0,0.0,0.0,0.0,0.0,0.0,0.0,0.0,0.0,362.0,0.0,2.0,0.0,0.0,0.0,0.0,0.0,0.0,0.0,0.0,0.0,0.0,1.0,0.0,0.0,0.0,2.0,71.0,0.0,0.0,0.0,0.0,7.0,0.0,0.0,48.0,0.0,784.0,1177.0,0.0,0.0,0.0,0.0,2.0,0.0,0.0,0.0,0.0,852.0,MucusCont
M10C5,0.0,0.0,0.0,0.0,0.0,2.0,0.0,0.0,0.0,0.0,0.0,0.0,0.0,0.0,0.0,0.0,0.0,2017.0,0.0,12.0,207.0,0.0,0.0,0.0,0.0,0.0,0.0,0.0,0.0,0.0,0.0,0.0,0.0,0.0,0.0,584.0,0.0,28.0,0.0,3.0,3.0,0.0,0.0,0.0,0.0,0.0,0.0,0.0,5.0,0.0,0.0,0.0,2.0,21.0,0.0,0.0,0.0,4.0,6.0,0.0,0.0,8.0,0.0,756.0,496.0,0.0,0.0,0.0,0.0,0.0,0.0,0.0,0.0,0.0,680.0,MucusCont
Gi10I8,28.0,315.0,0.0,0.0,0.0,0.0,0.0,0.0,0.0,0.0,0.0,0.0,0.0,0.0,16.0,3.0,0.0,365.0,0.0,0.0,2.0,0.0,5.0,0.0,0.0,0.0,0.0,11.0,0.0,0.0,0.0,0.0,0.0,0.0,4.0,26.0,0.0,0.0,0.0,247.0,21.0,0.0,0.0,0.0,0.0,0.0,0.0,0.0,0.0,0.0,0.0,0.0,0.0,0.0,0.0,0.0,0.0,0.0,0.0,0.0,0.0,5.0,0.0,380.0,185.0,0.0,0.0,0.0,0.0,0.0,0.0,0.0,0.0,0.0,3221.0,MucusRes
Gi10I9,47.0,94.0,0.0,0.0,0.0,0.0,0.0,0.0,0.0,0.0,0.0,0.0,0.0,0.0,2.0,3.0,0.0,440.0,0.0,0.0,0.0,0.0,0.0,0.0,0.0,0.0,0.0,26.0,0.0,0.0,0.0,0.0,0.0,0.0,2.0,26.0,0.0,1.0,0.0,300.0,46.0,2.0,4.0,0.0,0.0,0.0,0.0,0.0,0.0,0.0,0.0,0.0,0.0,0.0,0.0,0.0,0.0,5.0,0.0,0.0,0.0,0.0,0.0,279.0,234.0,0.0,0.0,0.0,0.0,0.0,0.0,0.0,0.0,0.0,3323.0,MucusInf
Gi10C4,108.0,882.0,0.0,0.0,0.0,1.0,0.0,0.0,0.0,0.0,0.0,0.0,0.0,0.0,123.0,0.0,0.0,492.0,0.0,0.0,6.0,0.0,5.0,0.0,0.0,0.0,0.0,27.0,0.0,0.0,0.0,0.0,0.0,0.0,5.0,12.0,0.0,0.0,0.0,1174.0,48.0,0.0,0.0,0.0,0.0,0.0,0.0,0.0,16.0,0.0,0.0,0.0,0.0,0.0,0.0,0.0,0.0,0.0,0.0,0.0,0.0,35.0,0.0,124.0,570.0,0.0,0.0,0.0,0.0,0.0,0.0,0.0,0.0,0.0,1206.0,GillCont
M10I9,0.0,0.0,0.0,0.0,0.0,1.0,0.0,0.0,0.0,0.0,0.0,0.0,0.0,0.0,0.0,0.0,0.0,2225.0,0.0,11.0,20.0,0.0,0.0,0.0,0.0,0.0,0.0,14.0,0.0,0.0,0.0,0.0,0.0,0.0,2.0,93.0,0.0,4.0,0.0,12.0,15.0,5.0,1.0,0.0,0.0,0.0,0.0,0.0,5.0,2.0,0.0,0.0,0.0,0.0,0.0,0.0,0.0,2.0,0.0,0.0,0.0,0.0,0.0,332.0,1325.0,0.0,0.0,0.0,0.0,0.0,0.0,0.0,0.0,0.0,765.0,MucusInf
M10I10,0.0,0.0,0.0,0.0,0.0,0.0,0.0,0.0,0.0,0.0,0.0,0.0,0.0,0.0,0.0,0.0,0.0,1932.0,1.0,4.0,29.0,0.0,0.0,0.0,0.0,0.0,0.0,2.0,0.0,0.0,2.0,0.0,0.0,0.0,0.0,310.0,0.0,3.0,0.0,3.0,0.0,7.0,4.0,0.0,0.0,0.0,0.0,0.0,13.0,0.0,0.0,0.0,0.0,41.0,0.0,0.0,0.0,1.0,4.0,0.0,0.0,0.0,0.0,612.0,615.0,0.0,0.0,0.0,0.0,0.0,0.0,0.0,0.0,0.0,1251.0,MucusRes
M10C4,0.0,0.0,0.0,0.0,0.0,0.0,0.0,0.0,0.0,0.0,0.0,0.0,0.0,0.0,0.0,0.0,0.0,1551.0,0.0,3.0,129.0,0.0,0.0,0.0,0.0,0.0,0.0,0.0,0.0,0.0,0.0,0.0,0.0,0.0,0.0,478.0,0.0,19.0,0.0,5.0,0.0,0.0,0.0,0.0,0.0,0.0,0.0,0.0,4.0,0.0,0.0,0.0,0.0,20.0,0.0,0.0,0.0,0.0,6.0,0.0,0.0,35.0,0.0,695.0,1463.0,0.0,0.0,0.0,0.0,0.0,0.0,0.0,0.0,0.0,426.0,MucusCont
