Report Name,Link
"10X Single Cell RNA-seq CellRanger only","https://europe-demoreports.netlify.app/jsu3a8ff"
"10X Single Cell RNA-seq Standard Analysis","https://europe-demoreports.netlify.app/r3nnrm0l"
"10X Single cell VDJ Analysis","https://europe-demoreports.netlify.app/6jps9r0k"
"Amplicon_Standard&Advanced_QIIME2","https://europe-demoreports.netlify.app/98jvvxhw"
"Amplicon_Standard_QIIME2","https://europe-demoreports.netlify.app/llkd4q4i"
"ATAC-seq","https://europe-demoreports.netlify.app/fwx4na2j"
"ChIP-seq","https://europe-demoreports.netlify.app/9mruui8x"
"circRNA-seq","https://europe-demoreports.netlify.app/12dvy2v2"
"circRNA-seq_exosome","https://europe-demoreports.netlify.app/6qpoz2ks"
"FFPE 10X Visium Spatial Transcriptomics WBI","https://europe-demoreports.netlify.app/d6dwumbw"
"FFPE 10X Visium Spatial Transcriptomics WOBI","https://europe-demoreports.netlify.app/ydd7j5r8"
"Human_Cancer_WES_Advance_demo_report","https://europe-demoreports.netlify.app/e4k1xv2b"
"Human_Cancer_WGS_Advance_demo_report","https://europe-demoreports.netlify.app/ov64eumi"
"Human_Disease_WES_Advance_demo_report","https://europe-demoreports.netlify.app/ouqzx8yi"
"Human_Disease_WGS_Advance_demo_report","https://europe-demoreports.netlify.app/ot5epez6"
"Human_Low-Pass-WGS-demo-report","https://europe-demoreports.netlify.app/3sp6gy2r"
"Human_WES_Standard_Analysis_Paired","https://europe-demoreports.netlify.app/659754pl"
"Human_WES_Standard_Analysis_Unpaired","https://europe-demoreports.netlify.app/oeat7jx4"
"Human_WGS_ONT","https://europe-demoreports.netlify.app/6mixkabd"
"Human_WGS_PBRevio","https://europe-demoreports.netlify.app/b376msvt"
"Human_WGS_Standard_Analysis_Paired","https://europe-demoreports.netlify.app/uzpcm6s8"
"Human_WGS_Standard_Analysis_Unpaired","https://europe-demoreports.netlify.app/d5ky01uz"
"Kinnex 16S Full-length Amplicon Analysis","https://europe-demoreports.netlify.app/ox3en61y"
"Kinnex Full-Length RNA-seq with Reference Genome","https://europe-demoreports.netlify.app/29rfdcas"
"lncRNA-seq","https://europe-demoreports.netlify.app/z2ha5p2q"
"lncRNA-seq_advanced_medical","https://europe-demoreports.netlify.app/20mybcc3"
"lncRNA-seq_exosome","https://europe-demoreports.netlify.app/4jmf6asc"
"Metatranscriptomics_RNA-seq","https://europe-demoreports.netlify.app/4lvcj0cs"
"Microbial_Denovo_Bacteria_Draftmap","https://europe-demoreports.netlify.app/9kl0p9n6"
"Microbial_Denovo_Fungi_Draftmap","https://europe-demoreports.netlify.app/r8zzqbf7"
"Microbial_Reseq_COG","https://europe-demoreports.netlify.app/k6ewxlqo"
"Microbial_Reseq_KOG","https://europe-demoreports.netlify.app/eff6ugob"
"PA denovo annotation","https://europe-demoreports.netlify.app/1qzrfg4g"
"PA denovo assembly PacBio&Illumina","https://europe-demoreports.netlify.app/vu57ujao"
"PAWGS-Germline","https://europe-demoreports.netlify.app/uac3wlgn"
"PAWGS-Germline&Somatic","https://europe-demoreports.netlify.app/75keh89s"
"PAWGS-SNP-InDel.GATK-JointCalling","https://europe-demoreports.netlify.app/qo10g4xm"
"PAWGS_ONT","https://europe-demoreports.netlify.app/8m5bon17"
"PAWGS_PBRevio","https://europe-demoreports.netlify.app/74nejxad"
"Premade_library","https://europe-demoreports.netlify.app/cx50hiji"
"Prokaryotic_RNA-seq","https://europe-demoreports.netlify.app/r2mkydvt"
"RIP-seq","https://europe-demoreports.netlify.app/cfs4umuu"
"RNA-seq_denovo_quantification","https://europe-demoreports.netlify.app/bzyfd79a"
"RNA-seq_denovo_standard","https://europe-demoreports.netlify.app/imr2b8y7"
"RNA-seq_medical_quantification_human","https://europe-demoreports.netlify.app/b77x75tc"
"RNA-seq_medical_quantification_mouse","https://europe-demoreports.netlify.app/x6vdoz1t"
"RNA-seq_medical_standard_human","https://europe-demoreports.netlify.app/u53g6v26"
"RNA-seq_medical_standard_mouse","https://europe-demoreports.netlify.app/2kgh7ll5"
"RNA-seq_refgenome_quantification","https://europe-demoreports.netlify.app/8xk87ouw"
"RNA-seq_refgenome_standard","https://europe-demoreports.netlify.app/1y0hfu0o"
"RNA-seq_WGBS_joint_analysis","https://europe-demoreports.netlify.app/7gsclz1p"
"RRBS","https://europe-demoreports.netlify.app/41u75wpj"
"Shotgun-Metagenomics_Readsmapping_Kraken2","https://europe-demoreports.netlify.app/a3krp0lu"
"Shotgun-Metagenomics_Readsmapping_MetaPhlAn","https://europe-demoreports.netlify.app/sccspwud"
"Shotgun-Metagenomics_Standard_Analysis-Assemblybased","https://europe-demoreports.netlify.app/s6g1xttm"
"smallRNA-seq","https://europe-demoreports.netlify.app/5naidzeh"
"smallRNA-seq_exosome","https://europe-demoreports.netlify.app/ez3uzbng"
"smallRNA-seq_piRNA_advanced","https://europe-demoreports.netlify.app/4ltikfv8"
"smallRNA-seq_siRNA_advanced","https://europe-demoreports.netlify.app/4o2l1w45"
"WGBS","https://europe-demoreports.netlify.app/bog4bisk"
"WGBS_advanced_Loci_analysis","https://europe-demoreports.netlify.app/k1c2utgv"
"Whole_Transcriptome_Seq-joint_analysis","https://europe-demoreports.netlify.app/rzknlkyh"
